Workbook
Name Slicer_Equipment_Name: #N/A

Sheet Data
A1: Date | B1: Equipment_Name | C1: Equipment_ID | D1: Department | E1: Odometer_Start | F1: Odometer_End | G1: Distance | H1: Fuel_Liters | I1: Fuel_Cost_per_Liter | J1: Fuel_Cost_Total | K1: Driver_Name | L1: Month | M1: Year | N1: Km_per_Liter | O1: Usage_Category.
A2: 45566 | B2: {=INDEX(Lists!$A$1:$A$6, RANDBETWEEN(1,6))} -> Mini Excavator | C2: =_xlfn.XLOOKUP(B2, Lists!$A$1:$A$6, Lists!$B$1:$B$6) -> ME6(10682709) | D2: {=INDEX(Lists!$C$1:$C$3, RANDBETWEEN(1,3))} -> Operations | E2: =RANDBETWEEN(500,5000) -> 3569 | F2: =E2 + RANDBETWEEN(5,80) -> 3642 | G2: =F2 - E2 -> 73 | H2: =ROUND(RANDBETWEEN(5,25)*0.5,1) -> 8.5 | I2: =ROUND(3.2 + RAND()*0.6, 2) -> 3.39 | J2: =H2 * I2 -> 28.815 | K2: {=INDEX(Lists!$D$1:$D$4, RANDBETWEEN(1,4))} -> Ahmed | L2: =TEXT(A2,"yyyy-mm") -> 2024-10 | M2: =YEAR(A2) -> 2024 | N2: =IF(H2=0,"", G2/H2) -> 8.5882353 | O2: =IF(G2<20,"Short", IF(G2<=50,"Medium","Long")) -> Long
A3: 45567 | B3: {=INDEX(Lists!$A$1:$A$6, RANDBETWEEN(1,6))} -> Bobcat | C3: =_xlfn.XLOOKUP(B3, Lists!$A$1:$A$6, Lists!$B$1:$B$6) -> BC1(10931016) | D3: {=INDEX(Lists!$C$1:$C$3, RANDBETWEEN(1,3))} -> Yard | E3: =RANDBETWEEN(500,5000) -> 4545 | F3: =E3 + RANDBETWEEN(5,80) -> 4622 | G3: =F3 - E3 -> 77 | H3: =ROUND(RANDBETWEEN(5,25)*0.5,1) -> 11 | I3: =ROUND(3.2 + RAND()*0.6, 2) -> 3.57 | J3: =H3 * I3 -> 39.27 | K3: {=INDEX(Lists!$D$1:$D$4, RANDBETWEEN(1,4))} -> Ahmed | L3: =TEXT(A3,"yyyy-mm") -> 2024-10 | M3: =YEAR(A3) -> 2024 | N3: =IF(H3=0,"", G3/H3) -> 7 | O3: =IF(G3<20,"Short", IF(G3<=50,"Medium","Long")) -> Long
A4: 45568 | B4: {=INDEX(Lists!$A$1:$A$6, RANDBETWEEN(1,6))} -> Welding Machine | C4: =_xlfn.XLOOKUP(B4, Lists!$A$1:$A$6, Lists!$B$1:$B$6) -> WM12(WD5-000729) | D4: {=INDEX(Lists!$C$1:$C$3, RANDBETWEEN(1,3))} -> Operations | E4: =RANDBETWEEN(500,5000) -> 984 | F4: =E4 + RANDBETWEEN(5,80) -> 1003 | G4: =F4 - E4 -> 19 | H4: =ROUND(RANDBETWEEN(5,25)*0.5,1) -> 4.5 | I4: =ROUND(3.2 + RAND()*0.6, 2) -> 3.57 | J4: =H4 * I4 -> 16.065 | K4: {=INDEX(Lists!$D$1:$D$4, RANDBETWEEN(1,4))} -> Jose | L4: =TEXT(A4,"yyyy-mm") -> 2024-10 | M4: =YEAR(A4) -> 2024 | N4: =IF(H4=0,"", G4/H4) -> 4.2222222 | O4: =IF(G4<20,"Short", IF(G4<=50,"Medium","Long")) -> Short
A5: 45569 | B5: {=INDEX(Lists!$A$1:$A$6, RANDBETWEEN(1,6))} -> Welding Machine | C5: =_xlfn.XLOOKUP(B5, Lists!$A$1:$A$6, Lists!$B$1:$B$6) -> WM12(WD5-000729) | D5: {=INDEX(Lists!$C$1:$C$3, RANDBETWEEN(1,3))} -> Operations | E5: =RANDBETWEEN(500,5000) -> 4350 | F5: =E5 + RANDBETWEEN(5,80) -> 4363 | G5: =F5 - E5 -> 13 | H5: =ROUND(RANDBETWEEN(5,25)*0.5,1) -> 4.5 | I5: =ROUND(3.2 + RAND()*0.6, 2) -> 3.39 | J5: =H5 * I5 -> 15.255 | K5: {=INDEX(Lists!$D$1:$D$4, RANDBETWEEN(1,4))} -> Maria | L5: =TEXT(A5,"yyyy-mm") -> 2024-10 | M5: =YEAR(A5) -> 2024 | N5: =IF(H5=0,"", G5/H5) -> 2.8888889 | O5: =IF(G5<20,"Short", IF(G5<=50,"Medium","Long")) -> Short
A6: 45570 | B6: {=INDEX(Lists!$A$1:$A$6, RANDBETWEEN(1,6))} -> Bobcat | C6: =_xlfn.XLOOKUP(B6, Lists!$A$1:$A$6, Lists!$B$1:$B$6) -> BC1(10931016) | D6: {=INDEX(Lists!$C$1:$C$3, RANDBETWEEN(1,3))} -> Maintenance | E6: =RANDBETWEEN(500,5000) -> 4339 | F6: =E6 + RANDBETWEEN(5,80) -> 4402 | G6: =F6 - E6 -> 63 | H6: =ROUND(RANDBETWEEN(5,25)*0.5,1) -> 3 | I6: =ROUND(3.2 + RAND()*0.6, 2) -> 3.7 | J6: =H6 * I6 -> 11.1 | K6: {=INDEX(Lists!$D$1:$D$4, RANDBETWEEN(1,4))} -> Maria | L6: =TEXT(A6,"yyyy-mm") -> 2024-10 | M6: =YEAR(A6) -> 2024 | N6: =IF(H6=0,"", G6/H6) -> 21 | O6: =IF(G6<20,"Short", IF(G6<=50,"Medium","Long")) -> Long
A7: 45571 | B7: {=INDEX(Lists!$A$1:$A$6, RANDBETWEEN(1,6))} -> Mini Excavator | C7: =_xlfn.XLOOKUP(B7, Lists!$A$1:$A$6, Lists!$B$1:$B$6) -> ME6(10682709) | D7: {=INDEX(Lists!$C$1:$C$3, RANDBETWEEN(1,3))} -> Yard | E7: =RANDBETWEEN(500,5000) -> 4330 | F7: =E7 + RANDBETWEEN(5,80) -> 4383 | G7: =F7 - E7 -> 53 | H7: =ROUND(RANDBETWEEN(5,25)*0.5,1) -> 6.5 | I7: =ROUND(3.2 + RAND()*0.6, 2) -> 3.5 | J7: =H7 * I7 -> 22.75 | K7: {=INDEX(Lists!$D$1:$D$4, RANDBETWEEN(1,4))} -> Jose | L7: =TEXT(A7,"yyyy-mm") -> 2024-10 | M7: =YEAR(A7) -> 2024 | N7: =IF(H7=0,"", G7/H7) -> 8.1538462 | O7: =IF(G7<20,"Short", IF(G7<=50,"Medium","Long")) -> Long
A8: 45572 | B8: {=INDEX(Lists!$A$1:$A$6, RANDBETWEEN(1,6))} -> Welding Machine | C8: =_xlfn.XLOOKUP(B8, Lists!$A$1:$A$6, Lists!$B$1:$B$6) -> WM12(WD5-000729) | D8: {=INDEX(Lists!$C$1:$C$3, RANDBETWEEN(1,3))} -> Operations | E8: =RANDBETWEEN(500,5000) -> 4778 | F8: =E8 + RANDBETWEEN(5,80) -> 4814 | G8: =F8 - E8 -> 36 | H8: =ROUND(RANDBETWEEN(5,25)*0.5,1) -> 9.5 | I8: =ROUND(3.2 + RAND()*0.6, 2) -> 3.51 | J8: =H8 * I8 -> 33.345 | K8: {=INDEX(Lists!$D$1:$D$4, RANDBETWEEN(1,4))} -> Jose | L8: =TEXT(A8,"yyyy-mm") -> 2024-10 | M8: =YEAR(A8) -> 2024 | N8: =IF(H8=0,"", G8/H8) -> 3.7894737 | O8: =IF(G8<20,"Short", IF(G8<=50,"Medium","Long")) -> Medium
A9: 45573 | B9: {=INDEX(Lists!$A$1:$A$6, RANDBETWEEN(1,6))} -> Bobcat | C9: =_xlfn.XLOOKUP(B9, Lists!$A$1:$A$6, Lists!$B$1:$B$6) -> BC1(10931016) | D9: {=INDEX(Lists!$C$1:$C$3, RANDBETWEEN(1,3))} -> Operations | E9: =RANDBETWEEN(500,5000) -> 4657 | F9: =E9 + RANDBETWEEN(5,80) -> 4703 | G9: =F9 - E9 -> 46 | H9: =ROUND(RANDBETWEEN(5,25)*0.5,1) -> 12 | I9: =ROUND(3.2 + RAND()*0.6, 2) -> 3.48 | J9: =H9 * I9 -> 41.76 | K9: {=INDEX(Lists!$D$1:$D$4, RANDBETWEEN(1,4))} -> Ahmed | L9: =TEXT(A9,"yyyy-mm") -> 2024-10 | M9: =YEAR(A9) -> 2024 | N9: =IF(H9=0,"", G9/H9) -> 3.8333333 | O9: =IF(G9<20,"Short", IF(G9<=50,"Medium","Long")) -> Medium
A10: 45574 | B10: {=INDEX(Lists!$A$1:$A$6, RANDBETWEEN(1,6))} -> Front End Loader | C10: =_xlfn.XLOOKUP(B10, Lists!$A$1:$A$6, Lists!$B$1:$B$6) -> FE1(10930360) | D10: {=INDEX(Lists!$C$1:$C$3, RANDBETWEEN(1,3))} -> Operations | E10: =RANDBETWEEN(500,5000) -> 2947 | F10: =E10 + RANDBETWEEN(5,80) -> 2959 | G10: =F10 - E10 -> 12 | H10: =ROUND(RANDBETWEEN(5,25)*0.5,1) -> 3.5 | I10: =ROUND(3.2 + RAND()*0.6, 2) -> 3.72 | J10: =H10 * I10 -> 13.02 | K10: {=INDEX(Lists!$D$1:$D$4, RANDBETWEEN(1,4))} -> Ahmed | L10: =TEXT(A10,"yyyy-mm") -> 2024-10 | M10: =YEAR(A10) -> 2024 | N10: =IF(H10=0,"", G10/H10) -> 3.4285714 | O10: =IF(G10<20,"Short", IF(G10<=50,"Medium","Long")) -> Short
A11: 45575 | B11: {=INDEX(Lists!$A$1:$A$6, RANDBETWEEN(1,6))} -> Mini Excavator | C11: =_xlfn.XLOOKUP(B11, Lists!$A$1:$A$6, Lists!$B$1:$B$6) -> ME6(10682709) | D11: {=INDEX(Lists!$C$1:$C$3, RANDBETWEEN(1,3))} -> Operations | E11: =RANDBETWEEN(500,5000) -> 1178 | F11: =E11 + RANDBETWEEN(5,80) -> 1234 | G11: =F11 - E11 -> 56 | H11: =ROUND(RANDBETWEEN(5,25)*0.5,1) -> 5.5 | I11: =ROUND(3.2 + RAND()*0.6, 2) -> 3.76 | J11: =H11 * I11 -> 20.68 | K11: {=INDEX(Lists!$D$1:$D$4, RANDBETWEEN(1,4))} -> Ahmed | L11: =TEXT(A11,"yyyy-mm") -> 2024-10 | M11: =YEAR(A11) -> 2024 | N11: =IF(H11=0,"", G11/H11) -> 10.181818 | O11: =IF(G11<20,"Short", IF(G11<=50,"Medium","Long")) -> Long
A12: 45576 | B12: {=INDEX(Lists!$A$1:$A$6, RANDBETWEEN(1,6))} -> Mini Excavator | C12: =_xlfn.XLOOKUP(B12, Lists!$A$1:$A$6, Lists!$B$1:$B$6) -> ME6(10682709) | D12: {=INDEX(Lists!$C$1:$C$3, RANDBETWEEN(1,3))} -> Operations | E12: =RANDBETWEEN(500,5000) -> 1040 | F12: =E12 + RANDBETWEEN(5,80) -> 1088 | G12: =F12 - E12 -> 48 | H12: =ROUND(RANDBETWEEN(5,25)*0.5,1) -> 11.5 | I12: =ROUND(3.2 + RAND()*0.6, 2) -> 3.72 | J12: =H12 * I12 -> 42.78 | K12: {=INDEX(Lists!$D$1:$D$4, RANDBETWEEN(1,4))} -> Jose | L12: =TEXT(A12,"yyyy-mm") -> 2024-10 | M12: =YEAR(A12) -> 2024 | N12: =IF(H12=0,"", G12/H12) -> 4.173913 | O12: =IF(G12<20,"Short", IF(G12<=50,"Medium","Long")) -> Medium
A13: 45577 | B13: {=INDEX(Lists!$A$1:$A$6, RANDBETWEEN(1,6))} -> Forklift | C13: =_xlfn.XLOOKUP(B13, Lists!$A$1:$A$6, Lists!$B$1:$B$6) -> F7(217595AH) | D13: {=INDEX(Lists!$C$1:$C$3, RANDBETWEEN(1,3))} -> Operations | E13: =RANDBETWEEN(500,5000) -> 2386 | F13: =E13 + RANDBETWEEN(5,80) -> 2466 | G13: =F13 - E13 -> 80 | H13: =ROUND(RANDBETWEEN(5,25)*0.5,1) -> 2.5 | I13: =ROUND(3.2 + RAND()*0.6, 2) -> 3.5 | J13: =H13 * I13 -> 8.75 | K13: {=INDEX(Lists!$D$1:$D$4, RANDBETWEEN(1,4))} -> Ravi | L13: =TEXT(A13,"yyyy-mm") -> 2024-10 | M13: =YEAR(A13) -> 2024 | N13: =IF(H13=0,"", G13/H13) -> 32 | O13: =IF(G13<20,"Short", IF(G13<=50,"Medium","Long")) -> Long
... A201: 45765 | B201: {=INDEX(Lists!$A$1:$A$6, RANDBETWEEN(1,6))} -> Forklift | C201: =_xlfn.XLOOKUP(B201, Lists!$A$1:$A$6, Lists!$B$1:$B$6) -> F7(217595AH) | D201: {=INDEX(Lists!$C$1:$C$3, RANDBETWEEN(1,3))} -> Yard | E201: =RANDBETWEEN(500,5000) -> 2177 | F201: =E201 + RANDBETWEEN(5,80) -> 2237 | G201: =F201 - E201 -> 60 | H201: =ROUND(RANDBETWEEN(5,25)*0.5,1) -> 3 | I201: =ROUND(3.2 + RAND()*0.6, 2) -> 3.25 | J201: =H201 * I201 -> 9.75 | K201: {=INDEX(Lists!$D$1:$D$4, RANDBETWEEN(1,4))} -> Maria | L201: =TEXT(A201,"yyyy-mm") -> 2025-04 | M201: =YEAR(A201) -> 2025 | N201: =IF(H201=0,"", G201/H201) -> 20 | O201: =IF(G201<20,"Short", IF(G201<=50,"Medium","Long")) -> Long

Sheet Quick_Analysis
A1: Select_Equipment | B1: Bobcat
A3: Total_Distance | B3: =SUMIFS(MileageTable[Distance], MileageTable[Equipment_Name], $B$1) -> 1374
A4: Total_Fuel | B4: =SUMIFS(MileageTable[Fuel_Liters], MileageTable[Equipment_Name], $B$1) -> 233.5
A5: Avg_Km_per_Liter | B5: =AVERAGEIFS(MileageTable[Km_per_Liter], MileageTable[Equipment_Name], $B$1) -> 8.1502068

Sheet Monthly_Summary
A1: Month | B1: Total_Distance | C1: Total_Fuel_Cost
A2: 2024-10 | B2: =SUMIFS(MileageTable[Distance], MileageTable[Month], $A2) -> 1290 | C2: =SUMIFS(MileageTable[Fuel_Cost_Total], MileageTable[Month], $A2) -> 863.94
A3: 2024-11 | B3: =SUMIFS(MileageTable[Distance], MileageTable[Month], $A3) -> 1175 | C3: =SUMIFS(MileageTable[Fuel_Cost_Total], MileageTable[Month], $A3) -> 820.255
A4: 2024-12 | B4: =SUMIFS(MileageTable[Distance], MileageTable[Month], $A4) -> 1318 | C4: =SUMIFS(MileageTable[Fuel_Cost_Total], MileageTable[Month], $A4) -> 771.735
A5: 2025-01 | B5: =SUMIFS(MileageTable[Distance], MileageTable[Month], $A5) -> 1372 | C5: =SUMIFS(MileageTable[Fuel_Cost_Total], MileageTable[Month], $A5) -> 779.53
A6: 2025-02 | B6: =SUMIFS(MileageTable[Distance], MileageTable[Month], $A6) -> 1330 | C6: =SUMIFS(MileageTable[Fuel_Cost_Total], MileageTable[Month], $A6) -> 746.38
A7: 2025-03 | B7: =SUMIFS(MileageTable[Distance], MileageTable[Month], $A7) -> 1492 | C7: =SUMIFS(MileageTable[Fuel_Cost_Total], MileageTable[Month], $A7) -> 843.595
A8: 2025-04 | B8: =SUMIFS(MileageTable[Distance], MileageTable[Month], $A8) -> 722 | C8: =SUMIFS(MileageTable[Fuel_Cost_Total], MileageTable[Month], $A8) -> 393.64

Sheet Equipment_Summary
A1: Equipment_Name | B1: Total_Distance | C1: Total_Fuel | D1: Avg_Km_per_Liter | E1: Trips_Count
A2: Forklift | B2: =SUMIFS(MileageTable[Distance], MileageTable[Equipment_Name], $A2) -> 1379 | C2: =SUMIFS(MileageTable[Fuel_Liters], MileageTable[Equipment_Name], $A2) -> 235 | D2: =AVERAGEIFS(MileageTable[Km_per_Liter], MileageTable[Equipment_Name], $A2) -> 7.9425773 | E2: =COUNTIFS(MileageTable[Equipment_Name], $A2) -> 32
A3: Bobcat | B3: =SUMIFS(MileageTable[Distance], MileageTable[Equipment_Name], $A3) -> 1374 | C3: =SUMIFS(MileageTable[Fuel_Liters], MileageTable[Equipment_Name], $A3) -> 233.5 | D3: =AVERAGEIFS(MileageTable[Km_per_Liter], MileageTable[Equipment_Name], $A3) -> 8.1502068 | E3: =COUNTIFS(MileageTable[Equipment_Name], $A3) -> 31
A4: Front End Loader | B4: =SUMIFS(MileageTable[Distance], MileageTable[Equipment_Name], $A4) -> 1222 | C4: =SUMIFS(MileageTable[Fuel_Liters], MileageTable[Equipment_Name], $A4) -> 208.5 | D4: =AVERAGEIFS(MileageTable[Km_per_Liter], MileageTable[Equipment_Name], $A4) -> 6.5392498 | E4: =COUNTIFS(MileageTable[Equipment_Name], $A4) -> 29
A5: Boom Lift | B5: =SUMIFS(MileageTable[Distance], MileageTable[Equipment_Name], $A5) -> 1500 | C5: =SUMIFS(MileageTable[Fuel_Liters], MileageTable[Equipment_Name], $A5) -> 272 | D5: =AVERAGEIFS(MileageTable[Km_per_Liter], MileageTable[Equipment_Name], $A5) -> 6.7549984 | E5: =COUNTIFS(MileageTable[Equipment_Name], $A5) -> 36
A6: Mini Excavator | B6: =SUMIFS(MileageTable[Distance], MileageTable[Equipment_Name], $A6) -> 1768 | C6: =SUMIFS(MileageTable[Fuel_Liters], MileageTable[Equipment_Name], $A6) -> 291.5 | D6: =AVERAGEIFS(MileageTable[Km_per_Liter], MileageTable[Equipment_Name], $A6) -> 7.0052127 | E6: =COUNTIFS(MileageTable[Equipment_Name], $A6) -> 38
A7: Welding Machine | B7: =SUMIFS(MileageTable[Distance], MileageTable[Equipment_Name], $A7) -> 1456 | C7: =SUMIFS(MileageTable[Fuel_Liters], MileageTable[Equipment_Name], $A7) -> 241.5 | D7: =AVERAGEIFS(MileageTable[Km_per_Liter], MileageTable[Equipment_Name], $A7) -> 6.9037842 | E7: =COUNTIFS(MileageTable[Equipment_Name], $A7) -> 34

Sheet Pivot_Distance_Equip
B3: Row Labels | C3: Sum of Distance
B4: Bobcat | C4: 1442
B5: Boom Lift | C5: 1462
B6: Forklift | C6: 1380
B7: Front End Loader | C7: 1309
B8: Mini Excavator | C8: 1252
B9: Welding Machine | C9: 1091
B10: Grand Total | C10: 7936

Sheet Pivot_Fuel_Month.
A3: Row Labels | B3: Sum of Fuel_Cost_Total
A4: 2024-10 | B4: 821.95
A5: 2024-11 | B5: 840.85
A6: 2024-12 | B6: 903.05
A7: 2025-01 | B7: 840.03
A8: 2025-02 | B8: 829.005
A9: 2025-03 | B9: 809.72
A10: 2025-04 | B10: 404.58
A11: Grand Total | B11: 5449.185

Sheet Pivot_Efficiency_Equip
A3: Row Labels | B3: Average of Km_per_Liter
A4: Bobcat | B4: 6.5408428
A5: Boom Lift | B5: 7.1677923
A6: Forklift | B6: 5.7944434
A7: Front End Loader | B7: 8.1092386
A8: Mini Excavator | B8: 5.2994685
A9: Welding Machine | B9: 5.8951677
A10: Grand Total | B10: 6.4971458

Sheet Pivot_Distance_Dept
A3: Row Labels | B3: Sum of Distance
A4: Maintenance | B4: 2086
A5: Operations | B5: 3014
A6: Yard | B6: 2836
A7: Grand Total | B7: 7936

Sheet DashBoard
C1: Equipment Mileage & Fuel Cost Dashboard
C3: Total Distance | D3: =SUM(MileageTable[Distance]) -> 8699
C4: Total Fuel Cost | D4: =SUM(MileageTable[Fuel_Cost_Total]) -> 5219.075
C5: Average Km per Liter | D5: =AVERAGE(MileageTable[Km_per_Liter]) -> 7.2028191
E9: Distance by Equipment | N9: Average Km per Liter by Equipment.
E27: Fuel Cost by Month | N27: Distance by Department.

Sheet Lists
A1: Forklift | B1: F7(217595AH) | C1: Operations | D1: Ravi
A2: Bobcat | B2: BC1(10931016) | C2: Yard | D2: Jose
A3: Front End Loader | B3: FE1(10930360) | C3: Maintenance | D3: Maria
A4: Boom Lift | B4: BL8(1047802) | D4: Ahmed
A5: Mini Excavator | B5: ME6(10682709)
A6: Welding Machine | B6: WM12(WD5-000729)
